ContactType,ShortName,Inactive,FirstName,MiddleName,LastName,StoreID,DefaultGLAccount,AuthorityIDNumber,DepartmentRepID,AccountNumber,PaymentTerms,DefaultPriceSheet,DefaultTaxRecordID,CreationDate,AddressType_1,PrimaryName_1,ContactName_1,AddressLine1_1,AddressLine2_1,CityTown_1,StateProvince_1,PostalCode_1,CountryCode_1,Telephone1_1,Telephone2_1,EmailAddress_1,Website_1,Notes_1
v,Obscure Video,0,,,,,2000,,,,,,0,2015-01-01,vm,Obscure Video,,1354 Triple A Ave,,Chatsworth,CA,93245,USA,800.345.5678,,obsvid@obscurevideo.com,,
c,CompuHouse,0,,,,,4000,,,,,,,2015-01-01,cm,CompuHouse Computer Systems,,8086 Intel Ave,,San jose,CA,94354,USA,800-555-1234,,sales@compuhouse.com,,
v,Speedy Electronics,0,,,,,2000,,,,,,0,2015-01-01,vm,"Speedy Electronics, Inc.",,777 Lucky Street,Unit #2B,San Jose,CA,92666,USA,802-555-9876,,custserv@speedyelec.com,,
c,Computer Repair,0,,,,,4000,,,,,,0,2015-01-01,cm,Computer Repair Services,,12932 136th Ave.,Suite A,Denver,CO,80021,USA,303-555-5469,,servive@comprepair.net,,
v,LCDisplays,0,,,,,2000,,,,,,0,2015-01-01,vm,LCDisplays Corp.,,28973 Pixel Place,,Los Angeles,CA,90001,USA,800-555-5548,,cs@lcdisplays.com,,
v,Big Box,0,,,,,2000,,,,,,0,2015-01-01,vm,Big Box Corp,,11 Square St,,Longmont,CO,80501,USA,303-555-9652,,big.box@yahoo.com,,
c,"Smith, John",0,,,,,4000,,,,,,0,2015-01-01,cm,John Smith Jr.,,13546 Euclid Ave,,Ontario,CA,92775,USA,818-555-1000,,jsmith@aol.com,,
c,JimBaker,0,,,,,4000,,,,,,0,2015-01-01,cm,Jim Baker,,995 Maple Street,Unit #56,Northglenn,CO,80234,USA,unlisted,,jb@hotmail.com,,
c,Culver,0,,,,,4000,,,,,,0,2015-01-01,cm,Lisa Culver,,1005 Gillespie Dr,,Boulder,CO,80303,USA,303-555-6677,,lisa@myveryownemailaddress.net,,
c,PartsLocator,0,,,,,4000,,,,3:0:10:30:2500.00,,0,2015-01-01,cm,Parts Locator LLC,,55 Sydney Hwy,,Deerfield Beach,FL,33445,USA,215-555-0987,,parts@partslocator.com,,
v,Accurate Input,0,,,,,2000,,,SK200706,3:0:10:30:2500.00,,0,2015-01-01,vm,"Accurate Input, LLC",,1111 Stuck Key Ave,,Burbank,CA,91505,USA,800-555-1267,818-555-5555,sales@accurate.com,www.AccurateInput.com,
v,BackMeUp,0,,,,,2000,,,,,,0,2015-01-01,vm,"BackMeUp Systems, Inc",,1324 44th Ave.,,New York,NY,10019,USA,212-555-9854,,sales@backmeup.com,,
v,Closed Cases,0,,,,,2000,,,,,,0,2015-01-01,vm,Closed Cases,Fernando,23 Frontage Rd,,New York,NY,10019,USA,888-555-6322,800-555-5716,custserv@closedcases.net,,
v,MegaWatts,0,,,,,2000,,,MW20070301,,,0,2015-01-01,vm,MegaWatts Power Supplies,,11 Joules St.,,Denver,CO,80234,USA,303-222-5617,,help@hotmail.com,,
v,Slipped Disk,0,,,,,2000,,,,,,,2015-01-01,vm,Slipped Disk Corp.,Accts. Receivable,1234 Main St,Suite #1,La Verne,CA,91750,USA,714-555-0001,,sales@slippedisks.com,,
e,John,0,John,,Smith,,b,,Sales,,,,0,2015-01-01,em,John Smith,,123 Birch Ave,Apt 12,Anytown,CO,80234,USA,303-555-3451,,john@mycompany.com,,
e,Mary,0,Mary,,Johnson,,e,,Accounting,,,,,2015-01-01,em,Mary Johnson,,6541 First St,,Anytown,CO,80234,USA,303-555-7426,,nary@mycomapny.com,,