SKU,Type,ShortDescription,SalesDescription,ImageWithPath,GLSalesAccount,GLInventoryAccount,GLCOGSAccount,SalesTaxable,CostMethod,PriceSheet,FullPrice,ItemWeight,MinimumStockLevel,ReorderQuantity,VendorID,LeadTime,UPCCode,Serialize,CreationDate,SKU_1,Description_1,Quantity_1,SKU_2,Description_2,Quantity_2,SKU_3,Description_3,Quantity_3,SKU_4,Description_4,Quantity_4,SKU_5,Description_5,Quantity_5
AMD-3600-CPU,si,AMD 3600+ Athlon CPU,AMD 3600+ Athlon CPU,demo/athlon.jpg,4000,1200,5000,1,f,150,150,1.5,1,0,0,3,,,2015-01-01
ASSY-BB,lb,Labor - BB Computer Assy,Labor - BB Computer Assy,,4000,6000,5000,1,f,0,0,0,0,0,0,0,,,2015-01-01
BOX-TW-322,ns,TW-322 Shipping Box,TW-322 Shipping Box,,4000,6800,5000,1,f,0,0,0,0,15,25,0,,,2015-01-01
BOX-TW-553,ns,TW-533 Shipping Box,TW-533 Shipping Box,,4000,6800,5000,1,f,0,0,0,0,0,0,0,,,2015-01-01
CASE-ALIEN,si,Alien Case - Red,Alien Case - Red,demo/red_alien.jpg,4000,1200,5000,1,f,98.26,98.26,1.5,11,2,1,13,,,2015-01-01
DESC-WARR,ds,Warranty Template,Warranty Template,,1000,1000,1000,1,f,0,0,0,0,0,0,0,,,2015-01-01
DVD-RW,si,DVD RW with Lightscribe,DVD RW with Lightscribe,demo/lightscribe.jpg,4000,1200,5000,1,f,45,45,1.5,2,3,1,15,,,2015-01-01
HD-150GB,si,150GB SATA Hard Drive,150GB SATA Hard Drive,demo/150gb_sata.jpg,4000,1200,5000,1,f,56,56,1.5,2,10,15,15,,,2015-01-01
KB-128-ERGO,si,KeysRus ergonomic keyboard,KeysRus ergonomic keyboard,demo/ergo_key.jpg,4000,1200,5000,1,f,56.88,56.88,1.5,0,5,10,11,,,2015-01-01
LCD-21-WS,si,"LCDisplays 21"" LCD Monitor","LCDisplays 21"" LCD Monitor",demo/monitor.jpg,4000,1200,5000,1,f,189.99,189.99,1.5,0,2,1,5,,,2015-01-01
MB-ATI-K8,si,ATI K8 Motherboard,ATI K8 Motherboard,demo/mobo.jpg,4000,1200,5000,1,f,155.25,155.25,1.5,1,5,10,3,,,2015-01-01
MB-ATI-K8N,si,ATI K8 Motherboard w/network,ATI K8 Motherboard w/network,demo/mobo.jpg,4000,1200,5000,1,f,176.94,176.94,1.5,1.2,3,10,3,,,2015-01-01
Mouse-S,si,Serial Mouse - 300 DPI,Serial Mouse - 300 DPI,demo/serial_mouse.jpg,4000,1200,5000,1,f,13.99,13.99,1.5,0.6,15,25,11,,,2015-01-01
PC-2GB-120GB-21,ma,Computer 2GB-120GB-21,Computer 2GB-120GB-21,demo/complete_computer.jpg,4000,1200,5000,1,f,750,750,1.5,21.3,0,0,0,,,2015-01-01,VID-NV-512MB,nVidea 512 MB Video Card,1,RAM-2GB-0.2,2GB SDRAM,2,AMD-3600-CPU,AMD 3600+ Athlon CPU,1,MB-ATI-K8N,ATI K8 Motherboard w/network,1,CASE-ALIEN,Alien Case - Red,1
PS-450W,si,450 Watt Silent Power Supply,450 Watt Silent Power Supply,demo/power_supply.jpg,4000,1200,5000,1,f,124.5,124.5,1.5,4.7,10,6,14,,,2015-01-01
RAM-2GB-0.2,si,2GB SDRAM,2GB SDRAM,demo/2gbram.jpg,4000,1200,5000,1,f,89.65,89.65,1.5,0,8,10,3,,,2015-01-01
VID-NV-512MB,si,nVidia 512 MB Video Card,nVidia 512 MB Video Card,demo/nvidia_512.jpg,4000,1200,5000,1,f,300,300,1.5,0.7,4,5,1,,,2015-01-01
PC-BB-512,ma,Bare Bones Computer 2600+/2GB,Bare Bones Computer 2600+/2GB,demo/barebones.jpg,4000,1200,5000,1,f,750,750,1.5,21.3,0,0,0,,,2015-01-01,RAM-2GB-0.2,2GB SDRAM,2,AMD-3600-CPU,AMD 3600+ Athlon CPU,1,MB-ATI-K8N,ATI K8 Motherboard w/network,1,CASE-ALIEN,Alien Case - Red,1,VID-NV-512MB,nVidea 512 MB Video Card,1